id,title,artist,year,audio_url,release data
zdawscxeq,Don't wake me up!,WONHO,2026,https://ubctfbvdvxygarbqebzc.supabase.co/storage/v1/object/public/songs/LONGER_WONHO%20dont%20wake%20me%20up.mp3,2026-07-21
eaqdzwcxs,Do your dance,RIIZE,2026,https://ubctfbvdvxygarbqebzc.supabase.co/storage/v1/object/public/songs/PrivaDeck_RIIZE%20-%20Do%20your%20dance%20(SPOTISAVER).mp3,2026-06-15
adwqczwse,LOUD,NMIXX,2026,https://ubctfbvdvxygarbqebzc.supabase.co/storage/v1/object/public/songs/PrivaDeck_NMIXX%20-%20LOUD%20(SPOTISAVER).mp3,2026-05-11
adxzsqecx,Adrenaline,ATEEZ,2026,https://ubctfbvdvxygarbqebzc.supabase.co/storage/v1/object/public/songs/PrivaDeck_ATEEZ%20-%20Adrenaline%20(SPOTISAVER).mp3,2026-02-06
zsewdxcaq,404 (New Era),KiiiKiii,2026,https://ubctfbvdvxygarbqebzc.supabase.co/storage/v1/object/public/songs/PrivaDeck_KiiiKiii%20-%20404%20(New%20Era)%20(SPOTISAVER).mp3,2026-01-26
edcqwazxq,HYPONOTIZE,XG,2026,https://ubctfbvdvxygarbqebzc.supabase.co/storage/v1/object/public/songs/PrivaDeck_XG%20-%20HYPNOTIZE%20(SPOTISAVER).mp3,2026-01-23
wsxedczq,FOCUS,Hearts2Hearts,2025,https://ubctfbvdvxygarbqebzc.supabase.co/storage/v1/object/public/songs/PrivaDeck_Hearts2Hearts%20-%20FOCUS%20(SPOTISAVER).mp3,2025-10-20
wdxzaesqc,Plot Twist,AtHeart,2025,https://ubctfbvdvxygarbqebzc.supabase.co/storage/v1/object/public/songs/PrivaDeck_AtHeart%20-%20Plot%20Twist%20(SPOTISAVER).mp3,2025-08-13
ewazxdswd,r u ok?,ifeye,2025,https://ubctfbvdvxygarbqebzc.supabase.co/storage/v1/object/public/songs/PrivaDeck_ifeye%20-%20r%20u%20ok%20(SPOTISAVER).mp3,2025-07-16
qscdewazx,1&Only,XLOV,2025,https://ubctfbvdvxygarbqebzc.supabase.co/storage/v1/object/public/songs/PrivaDeck_XLOV%20-%201&Only%20(SPOTISAVER).mp3,2025-06-13
asxdwazx,GIMME GIMME,ALL (H)OURS,2025,https://ubctfbvdvxygarbqebzc.supabase.co/storage/v1/object/public/songs/PrivaDeck_ALL(H)OURS%20-%20GIMME%20GIMME%20(SPOTISAVER).mp3,2025-02-04
qweszxdsas,Super Tuna,Jin,2024,https://ubctfbvdvxygarbqebzc.supabase.co/storage/v1/object/public/songs/PrivaDeck_Jin%20-%20Super%20Tuna%20(SPOTISAVER).mp3,2024-10-11
qwsdaszx,Debut,KATSEYE,2024,https://ubctfbvdvxygarbqebzc.supabase.co/storage/v1/object/public/songs/KATSEYE%20-%20%20Debut%20-%202024.mp3,2024-06-28
qwedxscq,SHEESH,BABYMONSTER,2024,https://ubctfbvdvxygarbqebzc.supabase.co/storage/v1/object/public/songs/BABYMONSTER%20-%20SHEESH%20-%202024.mp3,2024-04-01
qeaczxdwa,Magnetic,ILLIT,2024,https://ubctfbvdvxygarbqebzc.supabase.co/storage/v1/object/public/songs/PrivaDeck_ILLIT%20-%20Magnetic%20-%202024.mp3,2024-03-25
qdzwsaceqw,Sweet Dreams + When We Disco + Take On Me + Changed Man (live performance),J.Y. Park,2023,https://ubctfbvdvxygarbqebzc.supabase.co/storage/v1/object/public/songs/JYP%20-%20Sweet%20Dreams%20-%202024.mp3,2023-11-24
wwdqaxzcxq,PARANOIA,HEARTSTEEL,2023,https://ubctfbvdvxygarbqebzc.supabase.co/storage/v1/object/public/songs/PrivaDeck_HEARTSTEEL%20-%20PARANOIA%20-%202023.mp3,2023-10-23
edcxszaqd,Eyes Roll,i-dle,2023,https://ubctfbvdvxygarbqebzc.supabase.co/storage/v1/object/public/songs/PrivaDeck_i-dle%20-%20Eyes%20roll%20-%202023.mp3,2023-10-05
cexzaqwcx,"BOUNCY ","ATEEZ ",2023,https://ubctfbvdvxygarbqebzc.supabase.co/storage/v1/object/public/songs/ATEEZ%20-%20BOUNCY%20-%202023.mp3,2023-06-16
qsceszawdx,set_me_free_pt.2,Jimin,2023,https://ubctfbvdvxygarbqebzc.supabase.co/storage/v1/object/public/songs/Jimin%20-%20set%20me%20free%20pt.2%20-%202023.mp3,2023-03-17
zseawqdcx,CASE 143,Stray Kids,2022,https://ubctfbvdvxygarbqebzc.supabase.co/storage/v1/object/public/songs/PrivaDeck_Stray%20Kids%20-%20CASE%20143%20(SPOTISAVER).mp3,2022-10-07
wadqexada,Attention,NewJeans,2022,https://ubctfbvdvxygarbqebzc.supabase.co/storage/v1/object/public/songs/PrivaDeck_NewJeans%20-%20Attention%20(SPOTISAVER).mp3,2022-08-01
qscedwazx,The World Is My Oyster,LE SERRAFIM,2022,https://ubctfbvdvxygarbqebzc.supabase.co/storage/v1/object/public/songs/PrivaDeck_LE%20SSERAFIM%20-%20The%20World%20Is%20My%20Oyster%20(SPOTISAVER).mp3,2022-05-02
qcwadxzsc,eleven,IVE,2021,https://ubctfbvdvxygarbqebzc.supabase.co/storage/v1/object/public/songs/IVE%20-%20Eleven%20-%202021.mp3,2021-12-01
wadsczawq,next_level,Aespa,2021,https://ubctfbvdvxygarbqebzc.supabase.co/storage/v1/object/public/songs/Aespa%20-%20Next%20Level%20-%202021.mp3,2021-05-17
dwascxzwq,"Lilac ",IU,2021,https://ubctfbvdvxygarbqebzc.supabase.co/storage/v1/object/public/songs/IU%20-%20Lilac%20-%202021.mp3,2021-03-25
qwedsawqasd,SIREN,"P1Harmony ",2020,https://ubctfbvdvxygarbqebzc.supabase.co/storage/v1/object/public/songs/PrivaDeck_P1Harmony%20-%20SIREN%20(SPOTISAVER).mp3,2020-10-28
wecawazaw,MORE,"K/DA, Madison Beer, i-dle, Lexie Liu, Jaira Burns, Seraphine, League of Legends",2020,"https://ubctfbvdvxygarbqebzc.supabase.co/storage/v1/object/public/songs/PrivaDeck_K%20DA,%20Madison%20Beer,%20i-dle%20-%20MORE%20(SPOTISAVER).mp3",2020-10-28
wdcxzaadwq,Open Mind,WONHO,2020,https://ubctfbvdvxygarbqebzc.supabase.co/storage/v1/object/public/songs/PrivaDeck_WONHO%20-%20Open%20Mind%20(SPOTISAVER).mp3,2020-09-04
zxcqwedasz,Still With You,Jung Kook,2020,https://ubctfbvdvxygarbqebzc.supabase.co/storage/v1/object/public/songs/Jung%20Kook%20-%20Still%20with%20you%20-%202020.mp3,2020-06-05
dwasxcwqeq,Jopping,SuperM,2019,https://ubctfbvdvxygarbqebzc.supabase.co/storage/v1/object/public/songs/PrivaDeck_SuperM%20-%20Jopping%20(SPOTISAVER).mp3,2019-10-04
qdczxaswew,Adios,EVERGLOW,2019,https://ubctfbvdvxygarbqebzc.supabase.co/storage/v1/object/public/songs/EVERGLOW%20-%20Adios%20-%202019.mp3,2019-08-19
dwaxczsdq,Blue Orangeade,TOMORROW X TOGETHER,2019,https://ubctfbvdvxygarbqebzc.supabase.co/storage/v1/object/public/songs/PrivaDeck_TOMORROW%20X%20TOGETHER%20-%20Blue%20Orangeade%20(SPOTISAVER).mp3,2019-03-04
dasczedszc,DALLA DALLA,ITZY,2019,https://ubctfbvdvxygarbqebzc.supabase.co/storage/v1/object/public/songs/PrivaDeck_ITZY%20-%20DALLA%20DALLA%20(SPOTISAVER).mp3,2019-02-12
dzawescxq,DDU-DU DDU-DU,BLACKPINK,2018,https://ubctfbvdvxygarbqebzc.supabase.co/storage/v1/object/public/songs/PrivaDeck_BLACKPINK%20-%20DDU-DU%20DDU-DU%20(SPOTISAVER).mp3,2018-06-15
qsxcdewxaz,What is Love?,TWICE,2018,https://ubctfbvdvxygarbqebzc.supabase.co/storage/v1/object/public/songs/PrivaDeck_TWICE%20-%20What%20is%20Love%20(SPOTISAVER).mp3,2018-04-09
wadsxczwae,BBoom BBoom,MOMOLAND,2018,https://ubctfbvdvxygarbqebzc.supabase.co/storage/v1/object/public/songs/PrivaDeck_MOMOLAND%20-%20BBoom%20BBoom%20(SPOTISAVER).mp3,2018-01-03
dwaxczweq,Peek-A-Boo,Red Velvet,2017,https://ubctfbvdvxygarbqebzc.supabase.co/storage/v1/object/public/songs/Red%20Velvet%20-%20Peek-A-Boo%20(SPOTISAVER).mp3,2017-11-17
wqexzcasdq,Some,BOL4,2017,https://ubctfbvdvxygarbqebzc.supabase.co/storage/v1/object/public/songs/PrivaDeck_BOL4%20-%20Some%20(SPOTISAVER).mp3,2017-09-28
qweadscxz,Gashina,SUNMI,2017,https://ubctfbvdvxygarbqebzc.supabase.co/storage/v1/object/public/songs/PrivaDeck_SUNMI%20-%20Gashina%20(SPOTISAVER).mp3,2017-08-22
edqawszxz,BANG BANG BANG,BIGBANG,2015,https://ubctfbvdvxygarbqebzc.supabase.co/storage/v1/object/public/songs/PrivaDeck_BIGBANG%20-%20BANG%20BANG%20BANG%20(SPOTISAVER).mp3,2016-12-13
dwaxczasq,러시안 룰렛 Russian Roulette,Red Velvet,2016,https://ubctfbvdvxygarbqebzc.supabase.co/storage/v1/object/public/songs/Russian%20Roulette.mp3,2016-09-07
dwacxzeas,Like Ooh-Ahh,TWICE,2015,https://ubctfbvdvxygarbqebzc.supabase.co/storage/v1/object/public/songs/PrivaDeck_TWICE%20-%20Like%20Ooh-Ahh%20(SPOTISAVER).mp3,2015-10-20
qsdwazxc,Call_me_baby,EXO,2015,https://ubctfbvdvxygarbqebzc.supabase.co/storage/v1/object/public/songs/EXO%20-%20Call%20me%20baby%20-%202015.mp3,2015-03-30
awseecxzq,"행복 (Happiness) ",Red Velvet,2014,https://ubctfbvdvxygarbqebzc.supabase.co/storage/v1/object/public/songs/Happines_redvelvet.mp3,2014-08-01
zaqxswcde,Catallena,Orange Caramel,2014,https://ubctfbvdvxygarbqebzc.supabase.co/storage/v1/object/public/songs/PrivaDeck_Orange%20Caramel%20-%20Catallena%20(SPOTISAVER).mp3,2014-03-12
wdacxzadw,Growl,EXO,2013,https://ubctfbvdvxygarbqebzc.supabase.co/storage/v1/object/public/songs/PrivaDeck_EXO%20-%20Growl%20(SPOTISAVER).mp3,2013-08-05
dwasczxqw,Bar Bar Bar,Crayon pop,2013,https://ubctfbvdvxygarbqebzc.supabase.co/storage/v1/object/public/songs/PrivaDeck_Crayon%20Pop%20-%20Bar%20Bar%20Bar%20(SPOTISAVER).mp3,2013-06-20
dwascxzadaq,BLUE FROG (feat. G-DRAGON),"PSY, G-DRAGON",2012,"https://ubctfbvdvxygarbqebzc.supabase.co/storage/v1/object/public/songs/PrivaDeck_PSY,%20G-DRAGON%20-%20Blue%20Frog%20(Feat.%20G-DRAGON)%20(SPOTISAVER).mp3",2012-07-15
qwzasedx,Electric Shock,f(x),2012,https://ubctfbvdvxygarbqebzc.supabase.co/storage/v1/object/public/songs/PrivaDeck_f(x)%20-%20Electric%20Shock%20(SPOTISAVER).mp3,2012-06-10
qdazcxseae,Gangnam Style (강남스타일),PSY,2012,https://ubctfbvdvxygarbqebzc.supabase.co/storage/v1/object/public/songs/Gangman%20Style.mp3,2012-01-01
qweadscze,The Boys,Girls' Generation,2011,https://ubctfbvdvxygarbqebzc.supabase.co/storage/v1/object/public/songs/PrivaDeck_Girls'%20Generation%20-%20The%20Boys%20(SPOTISAVER).mp3,2011-10-19
qwedsazxcec,i am the best 내가 제일 잘 나가,2NE1,2011,https://ubctfbvdvxygarbqebzc.supabase.co/storage/v1/object/public/songs/PrivaDeck_2NE1%20-%20I%20AM%20THE%20BEST%20(SPOTISAVER).mp3,2011-07-28
qwexzasde,Hands Up,2PM,2011,https://ubctfbvdvxygarbqebzc.supabase.co/storage/v1/object/public/songs/PrivaDeck_2PM%20-%20Hands%20Up%20(SPOTISAVER).mp3,2011-06-20
qwedsazcw,Bad Girl Good Girl,miss A,2010,https://ubctfbvdvxygarbqebzc.supabase.co/storage/v1/object/public/songs/PrivaDeck_miss%20A%20-%20Bad%20Girl%20Good%20Girl%20(SPOTISAVER).mp3,2010-07-01
qwedsazcx,Bo Beep Bo Beep,T-ARA,2009,https://ubctfbvdvxygarbqebzc.supabase.co/storage/v1/object/public/songs/PrivaDeck_T-ARA%20-%20Bo%20Peep%20Bo%20Peep%20(SPOTISAVER).mp3,2009-11-27
weqdsaaxca,Ring Ding Dong,SHINee,2009,https://ubctfbvdvxygarbqebzc.supabase.co/storage/v1/object/public/songs/PrivaDeck_SHINee%20-%20Ring%20Ding%20Dong%20(SPOTISAVER).mp3,2009-10-19
abracadabra,Abracadabra,Brown Eyed Girls,2009,https://ubctfbvdvxygarbqebzc.supabase.co/storage/v1/object/public/songs/PrivaDeck_Brown%20Eyed%20Girls%20-%20Abracadabra%20(SPOTISAVER).mp3,2009-07-21
ewdaxzcqs,MIROTIC,"TVXQ!, YOO YOUNG JIN",2008,"https://ubctfbvdvxygarbqebzc.supabase.co/storage/v1/object/public/songs/PrivaDeck_TVXQ!,%20YOO%20YOUNG%20JIN%20-%20MIROTIC%20(SPOTISAVER).mp3",2008-09-26
dwascxzewq,Rainism,Rain,2008,https://ubctfbvdvxygarbqebzc.supabase.co/storage/v1/object/public/songs/PrivaDeck_Rain%20-%20Rainism%20(SPOTISAVER)%20(1).mp3,2008-08-15
weqdsazxcz,Tell Me (Rap Version),Wonder Girls,2008,https://ubctfbvdvxygarbqebzc.supabase.co/storage/v1/object/public/songs/LONGER_Wonder%20Girls%20-%20Tell%20Me%20(Rap%20Version).mp3,2008-06-03
wqedsazcz,Love Sick,FTISLAND,2007,https://ubctfbvdvxygarbqebzc.supabase.co/storage/v1/object/public/songs/PrivaDeck_FTISLAND%20-%20Love%20Sick%20(SPOTISAVER).mp3,2007-12-03
edaqdzxcqw,Maria,Kim Ah Joong,2006,https://ubctfbvdvxygarbqebzc.supabase.co/storage/v1/object/public/songs/PrivaDeck_Kim%20Ah%20Joong%20-%20Maria%20(SPOTISAVER).mp3,2006-12-11
weqsdazcw,Snow Prince,SS501,2005,https://ubctfbvdvxygarbqebzc.supabase.co/storage/v1/object/public/songs/PrivaDeck_SS501%20-%20Snow%20Prince%20(SPOTISAVER).mp3,2005-12-05
qwdxzsea,흐린 기억 속의 그대 (heurin gieok sogui geudae),PSY,2005,https://ubctfbvdvxygarbqebzc.supabase.co/storage/v1/object/public/songs/PrivaDeck_PSY%20-%20heurin%20gieok%20sogui%20geudae%20(SPOTISAVER)%20(1).mp3,2005-07-22
eqdawasxzca,Banana Shake,HUS,2004,https://ubctfbvdvxygarbqebzc.supabase.co/storage/v1/object/public/songs/PrivaDeck_HUS%20-%20Banana%20Shake%20(SPOTISAVER).mp3,2004-02-15
qwedsaczawe,10 Minutes,Lee Hyori,2003,https://ubctfbvdvxygarbqebzc.supabase.co/storage/v1/object/public/songs/PrivaDeck_Lee%20Hyori%20-%2010%20Minutes%20(SPOTISAVER).mp3,2003-08-13
qwedsaxzq,Perfect Man,SHINHWA,2002,https://ubctfbvdvxygarbqebzc.supabase.co/storage/v1/object/public/songs/PrivaDeck_SHINHWA%20-%20Perfect%20Man%20(SPOTISAVER).mp3,2002-03-01
qwedsaxza,Dreams Come True,S.E.S.,1998,https://ubctfbvdvxygarbqebzc.supabase.co/storage/v1/object/public/songs/PrivaDeck_S.E.S.%20-%20Dreams%20Come%20True%20(SPOTISAVER).mp3,1998-11-23
edqcawsxzsd,Don't Leave Me,J.Y. Park,1994,https://ubctfbvdvxygarbqebzc.supabase.co/storage/v1/object/public/songs/J.Y.%20Park%20-%20Don't%20leave%20me%20-%201994.mp3,1994-09-01
dwdqecaszs,I know - 92'TV edit,Seo Taiji and Boys,1992,https://ubctfbvdvxygarbqebzc.supabase.co/storage/v1/object/public/songs/PrivaDeck_I%20Know%20-%20'92%20TV%20Edit.mp3,1992-03-23